U in s1,U in s2,U in s3,U in s4,U in s5,Po  in s1,Po  in s2,Po  in s3,Po  in s4,Po  in s5,In  in s1,In  in s2,In  in s3,In  in s4,In  in s5,Re  in s1,Re  in s2,Re  in s3,Re  in s4,Re  in s5,group,decisions,goals
0.068228705626873,0.0657866817769743,0.07160840440262686,0.05229971703010401,0.1096471715976908,0.14674259615558685,7.142543524460032,4.188529190726048,0.17375337893670956,0.0916462975266412,1.0,1.0,1.0,1.0,1.0,1.0000000000000007,0.2999000000000003,0.7906000000000001,1.0000000000000007,1.0000000000000007,0,"[0.01253902 0.01253902 0.01138319 0.01095985 0.01253902 0.01184273
 0.00661715 0.00640929 0.01253902 0.00595464 0.01160169 0.01242408
 0.01138319 0.00575028 0.0081579  0.00573929 0.01134602 0.00429236
 0.00600756 0.0075545  0.00599413 0.0057084  0.00146398 0.00793922
 0.01248345 0.01145161 0.00962633 0.00571807 0.00571807 0.00544269
 0.00325064 0.00646017 0.00540395 0.0056625  0.00899225 0.0056625
 0.00021976 0.00509791 0.00576411 0.00026697 0.0028664  0.0056625
 0.00272811 0.00276021 0.00726448 0.0031451  0.00134404 0.00133829
 0.00264096 0.00381252 0.00517392 0.00534196 0.00956019 0.00201309
 0.00066915 0.00356077 0.00413459 0.00201069 0.00531433 0.00562645
 0.00052717 0.00275236 0.00571252 0.0021308  0.00431944 0.0008522
 0.00313495 0.00413135 0.00014708 0.0001     0.00136039 0.00363391
 0.00251356 0.00172865 0.00010239 0.00044228 0.00014704 0.0001
 0.00079207 0.00572954 0.0001     0.01000813 0.0056625  0.00475686
 0.00011782 0.00099088 0.00035186 0.00411632 0.00132055 0.00337916
 0.00241565 0.00267101 0.0027859  0.0001     0.00072673 0.00367126
 0.0001     0.00495204 0.0045335  0.00221336]","[[-2.68146689  2.66666667 -0.55       -1.61666667]
 [-0.41642463  8.22222222 -0.25       -0.95      ]
 [-3.33557557  8.22222222 -0.45       -4.32333333]
 [-1.25538445  4.88888889 -0.75       -1.70555556]
 [-0.67548914  2.66666667 -0.15       -1.23444444]]"
0.755631220297761,0.7239505983704263,0.799599864640074,0.5513303566202667,1.2945626241857435,5.6946686681660825,7.679373037876844,9.631650768379197,4.089684251525148,2.2748429285721214,0.5050505050505051,0.5050505050505051,0.5050505050505051,0.5050505050505051,0.5050505050505051,0.05090000000000005,0.030000000000000075,0.03999999999999998,0.06130000000000012,0.07,1,"[0.09990913 0.09989972 0.09980498 0.1        0.1        0.1
 0.0998988  0.09987962 0.09990254 0.09990254 0.09991617 0.09990254
 0.09980498 0.09980498 0.09992106 0.09980498 0.1        0.09980498
 0.09990186 0.09990254 0.09980498 0.09980498 0.09980498 0.04656251
 0.09980498 0.09980498 0.09980498 0.09980498 0.09980498 0.09980498
 0.06625197 0.09990254 0.09990254 0.00016714 0.0522872  0.1
 0.09980498 0.05745016 0.09990254 0.1        0.02144154 0.08016923
 0.04300133 0.09980498 0.02492262 0.09984365 0.08793894 0.0001
 0.06535854 0.09980498 0.0001     0.07690719 0.0001     0.07551828
 0.09990254 0.05282445 0.09980498 0.04647665 0.00594014 0.0167045
 0.01047868 0.00019756 0.0001     0.02845463 0.03302862 0.05515914
 0.08905382 0.04935219 0.0001     0.00059664 0.0001     0.06994657
 0.0001     0.03632346 0.02955898 0.06811465 0.0001     0.0001
 0.0001     0.06534448 0.0001293  0.0001     0.08200818 0.03514685
 0.09245039 0.00864979 0.01521685 0.03839915 0.01654213 0.05479126
 0.0365626  0.00019756 0.0001     0.00019756 0.03781504 0.00075665
 0.00019756 0.0001     0.0001     0.0001    ]","[[-0.57925492  1.94642915 -0.1        -1.0993    ]
 [-1.01362664  2.06416808 -0.1        -1.02      ]
 [-1.05876449  2.96619777 -0.1        -1.06      ]
 [-0.58515574  1.93652112 -0.1        -1.05      ]
 [-1.73475222  2.2841243  -0.1        -1.0697    ]]"
0.35897637574711555,0.3461296197709337,0.376556526382869,0.27305844421215253,0.5599258265338793,5.366313444722957,7.263782723753648,9.176148850254373,3.839639003629589,2.041425160969737,0.7272727272727273,0.7272727272727273,0.7272727272727273,0.7272727272727273,0.7272727272727273,0.10950000000000008,0.06000000000000015,0.06940000000000002,0.12959999999999988,0.1498000000000001,2,"[0.05203422 0.05203422 0.05203422 0.05203422 0.05203422 0.05203422
 0.05203422 0.05203422 0.05203422 0.05203422 0.05203422 0.05203422
 0.05203422 0.05203422 0.05203422 0.05203422 0.05203422 0.05203422
 0.05203422 0.05203422 0.05203422 0.0464731  0.05203422 0.05203422
 0.05203422 0.03268739 0.05024133 0.03365851 0.01962199 0.00533828
 0.04352212 0.00455349 0.02663468 0.0001     0.03242273 0.03744826
 0.02688224 0.04297625 0.00664732 0.05203422 0.00472614 0.03883701
 0.00337023 0.02977534 0.00419009 0.01958263 0.01656839 0.0001
 0.0001     0.02549857 0.0001     0.0001     0.0001     0.03548962
 0.0001     0.0001     0.00999199 0.03236069 0.0001     0.0001
 0.0001     0.03093872 0.03393894 0.01414512 0.01486824 0.03659492
 0.0001     0.0001     0.00309529 0.00463401 0.0001     0.0001
 0.01097819 0.0001     0.0001     0.0001     0.0001     0.0001
 0.02611812 0.03086804 0.0001     0.0001     0.01574008 0.0001
 0.0001     0.0001     0.00406886 0.0001     0.0001     0.0001
 0.03008516 0.0001     0.0001     0.00991438 0.0001     0.02277074
 0.0001     0.0001     0.00152855 0.01641389]","[[-0.579255    1.01956529 -0.5        -1.        ]
 [-0.2013628   1.04159625 -0.5        -1.        ]
 [-0.2058766   1.01912569 -0.5        -1.        ]
 [-0.585156    1.04872581 -0.5        -1.        ]
 [-0.234761    1.05852267 -0.5        -1.        ]]"
0.0008959636187148173,0.0008495695167153577,0.0009620631638253619,0.0006144175862576118,0.00183871232221586,0.0954203772255749,0.10944396402943685,0.10316729764683455,0.1315982429580688,0.05557641792317583,1.0,1.0,1.0,1.0,1.0,1.0000000000000007,1.0000000000000007,1.0000000000000007,1.0000000000000007,1.0000000000000007,3,"[0.00011411 0.0001     0.00010144 0.0001     0.0001     0.00010639
 0.00011125 0.00010124 0.00010251 0.0001     0.00010293 0.00010607
 0.00010399 0.00011587 0.00010508 0.00010183 0.00011963 0.00011963
 0.00010567 0.00011286 0.00010539 0.00010065 0.0001     0.00010616
 0.00011408 0.0001     0.00011658 0.00011393 0.00011963 0.00011963
 0.0001158  0.0001     0.0001     0.0001     0.0001     0.00010668
 0.0001     0.0001     0.0001     0.0001     0.0001     0.0001
 0.00010552 0.00011717 0.0001     0.00011081 0.0001     0.00010431
 0.0001     0.0001     0.00011282 0.0001     0.0001     0.00011626
 0.0001     0.00011289 0.00011695 0.00011325 0.0001     0.00011359
 0.0001     0.0001     0.00011194 0.00010736 0.00010275 0.00010751
 0.0001     0.00011963 0.00011963 0.00011015 0.00010555 0.0001
 0.00011865 0.00010972 0.0001     0.00011169 0.0001     0.00011113
 0.00010237 0.00010657 0.0001     0.0001     0.0001     0.00011787
 0.00011184 0.00010882 0.0001     0.0001     0.00010395 0.00010332
 0.00010471 0.0001     0.0001     0.0001     0.0001     0.0001
 0.0001     0.0001     0.0001     0.0001    ]","[[-0.86203798  7.61627907 -0.66744186 -2.05860465]
 [-0.20602488  5.24418605 -0.56046512 -1.58697674]
 [-2.06216741  9.59302326 -0.49069767 -3.32744186]
 [-0.32356332  9.84883721 -0.66976744 -1.70372093]
 [-1.37297405  7.61627907 -0.49069767 -1.15674419]]"
0.7481268152830444,0.7174529999482421,0.7906016857285793,0.5490933867747787,1.2639902626501225,5.7179297211004965,7.710764646287491,9.575637323650302,4.094302199563354,2.277919960690739,0.5555555555555556,0.5555555555555556,0.5555555555555556,0.5555555555555556,0.5555555555555556,0.050700000000000044,0.030000000000000075,0.03999999999999998,0.06110000000000015,0.07,4,"[0.1        0.1        0.09999982 0.1        0.1        0.09764357
 0.09861668 0.0999991  0.1        0.1        0.1        0.0999932
 0.09999778 0.09999348 0.09999903 0.09999978 0.0933369  0.09997001
 0.1        0.09435137 0.1        0.1        0.09998768 0.09999981
 0.09999898 0.09955627 0.09579452 0.09454634 0.09999835 0.09998286
 0.04780902 0.09461435 0.09999999 0.09997139 0.0999849  0.09996378
 0.00010059 0.04378923 0.05648117 0.04413716 0.00010515 0.09998172
 0.00945114 0.00013654 0.06346521 0.08572976 0.00010801 0.0981592
 0.09995854 0.02984598 0.1        0.07911717 0.0324623  0.06702009
 0.00010489 0.00010045 0.07393629 0.03719541 0.00010003 0.0001
 0.0001     0.06312061 0.02556998 0.1        0.09904317 0.06612857
 0.00010083 0.0203892  0.06646084 0.00010143 0.00011185 0.00010173
 0.00012158 0.00010015 0.05106228 0.00010425 0.1        0.03327387
 0.00012794 0.00011865 0.0001     0.02449023 0.00012965 0.00010025
 0.02019775 0.03227444 0.0001     0.09999949 0.04998984 0.00010068
 0.01570498 0.04054756 0.01987151 0.0001     0.00010512 0.00743042
 0.00010032 0.0001     0.1        0.00011331]","[[-0.91359595  3.70930233 -0.89534884 -3.55813953]
 [-0.86796324  4.47674419 -0.85348837 -1.2744186 ]
 [-4.5011582  10.36046512 -0.89534884 -2.28930233]
 [-0.76647535  7.54651163 -0.68604651 -1.74930233]
 [-7.3702061   6.52325581 -0.88139535 -1.24790698]]"
0.6954307409395893,0.6704519520743764,0.7296001886927179,0.5281605534930293,1.0866005160886834,5.6457947891868985,7.5762682666199295,9.39769913965439,4.074856536387086,2.273667502006718,0.6161616161616161,0.6161616161616161,0.6161616161616161,0.6161616161616161,0.6161616161616161,0.05090000000000004,0.030000000000000075,0.03999999999999998,0.06140000000000013,0.07,5,"[0.09990459 0.1        0.0999063  0.09992875 0.09990628 0.09993487
 0.09991452 0.09998832 0.09999791 0.09965304 0.0998629  0.09981319
 0.09973372 0.09988326 0.09980103 0.09993391 0.09983812 0.09973315
 0.09946467 0.09994566 0.09987657 0.09988344 0.09998475 0.09959176
 0.09969366 0.00064155 0.07785135 0.09876929 0.0717135  0.09938907
 0.09990107 0.05027452 0.00063508 0.09976971 0.09995143 0.00060098
 0.05959375 0.02092906 0.01438549 0.05462916 0.02533663 0.04837063
 0.06772137 0.04151517 0.00033993 0.00060296 0.04186747 0.00064583
 0.05617744 0.00049924 0.00079771 0.00071984 0.00037564 0.02071848
 0.01571358 0.00028319 0.00074808 0.02164176 0.00037417 0.00074745
 0.0003762  0.00023444 0.00060613 0.0005088  0.03558118 0.00038535
 0.00081012 0.0528788  0.01801595 0.0650816  0.0005347  0.00066267
 0.00046621 0.05308648 0.02010618 0.01739141 0.08110664 0.0790717
 0.00123163 0.01950703 0.00048951 0.00060647 0.00048499 0.00046565
 0.00032587 0.07735549 0.00041521 0.00020817 0.00835062 0.0217492
 0.01902264 0.05801045 0.00038393 0.03278754 0.0145782  0.00059528
 0.00070908 0.0118562  0.00027851 0.00041674]","[[-0.16600543  0.12790698 -0.58837209 -4.3655814 ]
 [-0.59904382  6.3372093  -0.63023256 -2.83255814]
 [-4.86700682  3.19767442 -0.63023256 -2.44372093]
 [-1.07911914  5.10465116 -0.61627907 -2.70093023]
 [-3.55968785  4.22093023 -0.74186047 -1.70372093]]"
0.0009770246398827962,0.0009270756891315646,0.0010480247288125759,0.0006720980074309429,0.0019787651818790985,0.09546242909667903,0.11135534365515429,0.10316201788780063,0.13174774536547532,0.0556752847993968,1.0,1.0,1.0,1.0,1.0,1.0000000000000007,1.0000000000000007,1.0000000000000007,1.0000000000000007,1.0000000000000007,6,"[0.00010965 0.0001     0.0001     0.00015317 0.0001     0.0001
 0.0001     0.0001     0.00011773 0.00018461 0.0001     0.0001
 0.0001     0.00015487 0.00011122 0.00012566 0.00018228 0.00014911
 0.0001     0.00014265 0.0001     0.0001     0.0001     0.0001
 0.00012037 0.0001     0.0001     0.0001     0.0001     0.0001
 0.00012707 0.00018166 0.0001     0.00011492 0.0001     0.0001
 0.00013174 0.0001     0.00011126 0.00016652 0.00013399 0.0001
 0.0001166  0.0001     0.0001     0.00016153 0.0001     0.00010913
 0.00012383 0.0001     0.0001     0.0001     0.0001     0.00012115
 0.0001     0.0001     0.0001     0.0001     0.0001     0.0001
 0.0001     0.00016532 0.00014358 0.0001     0.00010336 0.0001
 0.0001     0.0001     0.0001     0.0001     0.0001     0.0001
 0.0001     0.0001     0.0001     0.0001     0.00011193 0.0001
 0.0001     0.0001     0.0001     0.0001     0.0001     0.0001
 0.00019762 0.00011767 0.00015    0.0001     0.0001     0.0001
 0.0001     0.0001     0.0001     0.0001258  0.0001     0.00010641
 0.00012375 0.00011554 0.0001     0.0001    ]","[[-1.04249087  7.03488372 -0.4186047  -4.82697674]
 [-0.75591348  5.5        -0.255814   -2.36372093]
 [-0.47682339  6.01162791 -0.4186047  -2.98139535]
 [-0.40172426  6.77906977 -0.209302   -1.20232558]
 [-5.56522377  2.94186047 -0.372093   -1.47581395]]"
0.7503537010851432,0.719621632296908,0.7929192343071196,0.5509511840068735,1.2691792909740018,5.709164887655291,7.668003789812144,9.569710825398086,4.101450578812789,2.2820343356031327,0.5858585858585859,0.5858585858585859,0.5858585858585859,0.5858585858585859,0.5858585858585859,0.050700000000000044,0.030000000000000075,0.03999999999999998,0.06110000000000013,0.0699,7,"[0.09999999 0.09999998 0.09999605 0.0998976  0.09977788 0.09990058
 0.09993154 0.09998065 0.09992975 0.09966291 0.09996693 0.09999999
 0.09992132 0.09982286 0.09991898 0.09991609 0.09994508 0.09999852
 0.09983621 0.09990194 0.09987052 0.09985937 0.09989618 0.09982276
 0.09940815 0.09999993 0.09999999 0.09964853 0.09991238 0.0999997
 0.09998788 0.07917427 0.09993198 0.00034543 0.06344779 0.09979143
 0.05953455 0.0999296  0.00041197 0.09992428 0.00060552 0.06006147
 0.05701496 0.00031187 0.01082165 0.08094161 0.07648783 0.00452945
 0.08083126 0.09998501 0.09995838 0.00031511 0.01507345 0.09947175
 0.09936103 0.00072173 0.00039229 0.0187713  0.0006781  0.09943026
 0.09964352 0.00063017 0.00038687 0.01765052 0.05720945 0.02804171
 0.00023096 0.00033496 0.0006828  0.00033677 0.09706094 0.00051639
 0.09957209 0.00011686 0.00065512 0.0492671  0.00048374 0.00061661
 0.00031722 0.00024529 0.05177473 0.03702738 0.00029305 0.09966195
 0.05630102 0.00041527 0.05710221 0.00021929 0.00023751 0.00056708
 0.07437676 0.06575659 0.00035545 0.039648   0.09408672 0.00040359
 0.00023351 0.00040601 0.00033863 0.00069573]","[[-1.90005648  8.25       -0.43       -1.4784    ]
 [-3.51251636 10.89       -0.58       -0.856     ]
 [-1.78046397  9.13       -0.634      -1.752     ]
 [-0.53888044  5.83       -0.22       -0.8436    ]
 [-5.82794898  3.63       -0.58       -0.92164   ]]"
0.0008681090530467596,0.0008234361330854081,0.00093177458978354,0.0005971376582013877,0.0017781243783866942,0.09525539715265591,0.10989849166526591,0.10204705701004545,0.1317121256276876,0.055496503352166146,1.0,1.0,1.0,1.0,1.0,1.0000000000000007,1.0000000000000007,1.0000000000000007,1.0000000000000007,1.0000000000000007,8,"[0.00010349 0.00010329 0.00010562 0.0001     0.00010195 0.0001
 0.00010562 0.00010509 0.00010529 0.0001003  0.00010093 0.00010562
 0.00010144 0.00010215 0.00010209 0.0001     0.00010562 0.00010205
 0.00010325 0.0001     0.00010225 0.00010562 0.00010049 0.00010225
 0.00010152 0.00010256 0.0001     0.00010279 0.00010349 0.00010167
 0.00010562 0.0001     0.00010392 0.00010562 0.00010542 0.00010195
 0.0001     0.00010152 0.0001     0.00010286 0.00010217 0.00010182
 0.00010186 0.00010242 0.00010075 0.00010399 0.00010009 0.0001
 0.00010562 0.00010017 0.00010186 0.00010562 0.00010125 0.00010217
 0.00010331 0.00010546 0.0001     0.0001016  0.00010406 0.0001
 0.0001     0.00010562 0.00010082 0.00010038 0.00010231 0.00010362
 0.00010124 0.00010126 0.00010481 0.00010091 0.00010464 0.0001
 0.0001026  0.00010461 0.00010101 0.0001     0.00010174 0.00010562
 0.00010562 0.0001     0.0001     0.00010436 0.00010365 0.00010423
 0.00010275 0.00010562 0.00010006 0.0001     0.00010343 0.00010305
 0.00010088 0.0001     0.00010353 0.0001022  0.00010062 0.0001
 0.0001     0.00010367 0.00010368 0.00010417]","[[-0.2928204   2.43       -0.418      -4.1808    ]
 [-0.20598608  6.27       -0.526      -4.184     ]
 [-0.21700888  2.99       -0.454      -4.256     ]
 [-0.25391113  8.03       -0.73       -4.6084    ]
 [-0.23804462  2.97       -0.946      -4.3732    ]]"
0.0008604348534017746,0.0008158032583380741,0.0009240768478506669,0.0005901410934473975,0.0017720392792329263,0.09558734097429514,0.11051085080719643,0.10174346048050627,0.13128672523599755,0.05558907291910435,1.0,1.0,1.0,1.0,1.0,1.0000000000000007,1.0000000000000007,1.0000000000000007,1.0000000000000007,1.0000000000000007,9,"[0.0001     0.0001     0.00010862 0.0001     0.00010045 0.0001
 0.0001     0.00010435 0.0001     0.0001     0.0001     0.0001
 0.00010043 0.00010299 0.0001     0.00010014 0.0001     0.0001
 0.0001     0.00011651 0.0001     0.0001     0.00010188 0.0001
 0.00010475 0.0001     0.0001     0.0001     0.0001     0.0001
 0.00010251 0.0001     0.0001     0.00011047 0.00010469 0.0001
 0.0001     0.0001     0.0001     0.0001     0.00010731 0.0001094
 0.00010063 0.0001     0.00010466 0.0001     0.0001     0.00010988
 0.0001     0.0001     0.0001     0.00010703 0.00011501 0.0001
 0.00011098 0.0001     0.00011009 0.00010564 0.0001     0.00010738
 0.0001     0.00010642 0.0001059  0.0001     0.0001     0.00010358
 0.00010161 0.0001     0.0001     0.00011563 0.0001     0.0001
 0.00011611 0.0001     0.0001085  0.0001     0.0001     0.00010618
 0.0001     0.0001088  0.0001     0.0001     0.0001     0.00010025
 0.0001     0.0001     0.0001     0.00010627 0.0001     0.0001
 0.00011252 0.0001     0.0001     0.00010181 0.0001     0.00010274
 0.0001     0.0001     0.0001     0.0001    ]","[[-0.3386093   1.77       -0.658      -1.264     ]
 [-0.31179077  1.99       -0.454      -1.4144    ]
 [-0.2923001   2.75       -0.946      -1.3792    ]
 [-0.2185615   5.89       -0.706      -1.53      ]
 [-0.24811902  5.61       -0.766      -1.4124    ]]"
0.0011244625680105198,0.0010660990118739149,0.0012076057466547275,0.0007699360220565253,0.0023116002116031556,0.0952472319548586,0.10997844591181263,0.10342598124620506,0.13191486068777872,0.05587189092405113,1.0,1.0,1.0,1.0,1.0,1.0000000000000007,1.0000000000000007,1.0000000000000007,1.0000000000000007,1.0000000000000007,10,"[0.0001     0.00012439 0.00014412 0.0001     0.00014578 0.00013872
 0.00014578 0.00014578 0.00014157 0.00013517 0.00014578 0.00011813
 0.00014578 0.00014578 0.0001371  0.00013107 0.000142   0.00013796
 0.00014578 0.00012063 0.00014578 0.00014578 0.00013842 0.00013966
 0.00012539 0.00014354 0.00011638 0.00010597 0.00014578 0.00011434
 0.00012405 0.00014073 0.00014578 0.00011553 0.00014279 0.00010848
 0.00014578 0.000118   0.00010629 0.00012548 0.00014578 0.00012598
 0.0001     0.00014542 0.00014578 0.00014161 0.00014578 0.00014578
 0.00014578 0.0001223  0.00014578 0.0001     0.00014578 0.00014578
 0.00014578 0.00010727 0.00014289 0.00014578 0.00014578 0.0001
 0.00014023 0.00014578 0.00010701 0.00014578 0.00013064 0.00014578
 0.00014578 0.00014578 0.00014497 0.00014578 0.000145   0.00013385
 0.0001     0.00010669 0.0001412  0.00014578 0.0001328  0.00010089
 0.0001     0.00014578 0.00014578 0.00014578 0.00013157 0.00014578
 0.00014578 0.00010766 0.00014578 0.00014578 0.00012149 0.00014578
 0.00014578 0.00013359 0.00014578 0.00014578 0.00014578 0.0001
 0.00011369 0.00014261 0.00011287 0.00014578]","[[-0.29853019  6.27       -0.802      -0.8712    ]
 [-0.60562329  2.97       -0.682      -0.8376    ]
 [-0.30484699  0.33       -0.91       -0.86848   ]
 [-0.49440219  9.35       -0.682      -0.83732   ]
 [-0.79309244  7.81       -0.982      -1.87844   ]]"
0.05277644414030138,0.05126409035549429,0.05482879363582605,0.042412742595721566,0.07543403439524962,0.13783347769019205,6.580830120927977,0.1707455968065637,0.16452620088101694,0.08456263024590151,1.0,1.0,1.0,1.0,1.0,1.0000000000000007,0.5342000000000001,1.0000000000000007,1.0000000000000007,1.0000000000000007,11,"[0.0102939  0.01103896 0.01149042 0.00806254 0.01029119 0.00749831
 0.00748347 0.01036298 0.00657839 0.00770583 0.01089652 0.00682506
 0.00770583 0.00657839 0.00789901 0.00646391 0.00746799 0.00657839
 0.00780083 0.00713127 0.00094363 0.00439679 0.00657839 0.00206921
 0.00431384 0.00505666 0.00407789 0.00161198 0.00128405 0.00464294
 0.00496279 0.00337416 0.00116577 0.00213654 0.00037198 0.00161568
 0.00010448 0.0024789  0.00128973 0.00054636 0.00166414 0.00081593
 0.00084012 0.00321501 0.00292875 0.00458178 0.00103432 0.00164713
 0.00055585 0.00126773 0.00079642 0.0007409  0.00048818 0.00516899
 0.00106204 0.00060412 0.00145832 0.00022157 0.00037574 0.00018609
 0.00102274 0.00227747 0.00032723 0.00010035 0.00153668 0.00027058
 0.00010031 0.0021274  0.00155777 0.00010026 0.0001     0.00133492
 0.00206984 0.00010013 0.00085413 0.00040954 0.00016296 0.00017413
 0.00043815 0.0001287  0.00010022 0.00027988 0.00010018 0.0006796
 0.0003825  0.00010024 0.0001     0.0001     0.00010022 0.00332397
 0.00053048 0.0048045  0.00028933 0.00114081 0.00025254 0.00010046
 0.00122744 0.00031557 0.00010037 0.00145401]","[[-0.29651539  4.98837209 -0.83953488 -0.94232558]
 [-0.28530449  4.22093023 -0.47674419 -0.91181395]
 [-0.2428016   4.98837209 -0.5744186  -0.9212093 ]
 [-0.27143681  2.68604651 -0.72790698 -0.9475814 ]
 [-0.2960795   9.84883721 -0.61627907 -0.91111628]]"
0.040224702275729406,0.03877412280531948,0.04221417057220987,0.030567054971630214,0.06336349260220268,0.12747552758493422,3.8817282053193973,0.16168315718143117,0.15709937074385497,0.07457927602493405,1.0,1.0,1.0,1.0,1.0,1.0000000000000007,0.7789000000000004,1.0000000000000007,1.0000000000000007,1.0000000000000007,12,"[0.00597641 0.00597641 0.00597641 0.00597641 0.00597641 0.00579083
 0.00597641 0.00535919 0.00535919 0.00597641 0.00535919 0.00597641
 0.00597641 0.00597641 0.00591582 0.00535919 0.00597641 0.00434821
 0.00592381 0.00556287 0.00597641 0.00522315 0.00535919 0.00597641
 0.00535919 0.0033711  0.00535919 0.00129948 0.00455796 0.00498552
 0.00071464 0.00433956 0.00452228 0.00412225 0.00415594 0.0014683
 0.00270304 0.00129948 0.00129948 0.00375314 0.0011543  0.00233167
 0.00153964 0.0027404  0.00348782 0.0001     0.00234781 0.00036161
 0.00129948 0.00129948 0.0001351  0.00135835 0.00431697 0.00015037
 0.00071722 0.00085937 0.00132541 0.00129948 0.00126738 0.00025645
 0.00129948 0.0001     0.00071305 0.0001     0.00226281 0.00129948
 0.00129948 0.00023702 0.0014995  0.0001     0.0001408  0.00139582
 0.00061556 0.00129948 0.00262398 0.00317563 0.0001     0.00015933
 0.00129948 0.001333   0.00129948 0.00129948 0.0001     0.00013939
 0.0001     0.0001     0.00248877 0.00217575 0.00129948 0.00201766
 0.00012752 0.0001     0.00129948 0.0001     0.00041788 0.00129948
 0.0019167  0.00115373 0.00337952 0.00042048]","[[-0.205       0.01644015 -0.7        -0.7       ]
 [-0.205       0.02965281 -0.7        -0.99      ]
 [-0.205       0.01663382 -0.7        -0.7       ]
 [-0.205       0.0429573  -0.7        -0.7       ]
 [-0.205       0.05544663 -0.7        -0.7       ]]"
0.0008457527997119508,0.0008021286551054173,0.0009079286189072404,0.0005812045716950326,0.0017347608882104931,0.09509643536361964,0.11113493919566729,0.10288361818145353,0.13248122252812336,0.05553078704669124,1.0,1.0,1.0,1.0,1.0,1.0000000000000007,1.0000000000000007,1.0000000000000007,1.0000000000000007,1.0000000000000007,13,"[0.0001 0.0001 0.0001 0.0001 0.0001 0.0001 0.0001 0.0001 0.0001 0.0001
 0.0001 0.0001 0.0001 0.0001 0.0001 0.0001 0.0001 0.0001 0.0001 0.0001
 0.0001 0.0001 0.0001 0.0001 0.0001 0.0001 0.0001 0.0001 0.0001 0.0001
 0.0001 0.0001 0.0001 0.0001 0.0001 0.0001 0.0001 0.0001 0.0001 0.0001
 0.0001 0.0001 0.0001 0.0001 0.0001 0.0001 0.0001 0.0001 0.0001 0.0001
 0.0001 0.0001 0.0001 0.0001 0.0001 0.0001 0.0001 0.0001 0.0001 0.0001
 0.0001 0.0001 0.0001 0.0001 0.0001 0.0001 0.0001 0.0001 0.0001 0.0001
 0.0001 0.0001 0.0001 0.0001 0.0001 0.0001 0.0001 0.0001 0.0001 0.0001
 0.0001 0.0001 0.0001 0.0001 0.0001 0.0001 0.0001 0.0001 0.0001 0.0001
 0.0001 0.0001 0.0001 0.0001 0.0001 0.0001 0.0001 0.0001 0.0001 0.0001]","[[-0.401  0.    -0.7   -1.   ]
 [   nan    nan    nan    nan]
 [   nan    nan    nan    nan]
 [   nan    nan    nan    nan]
 [   nan    nan    nan    nan]]"
0.7909403211550349,0.7547867433295611,0.8417034294963069,0.5638151084699439,1.4589746142328643,5.721503832903585,7.722294943433549,9.723364953693206,4.096860254549754,2.2795366510113197,0.5656565656565656,0.5656565656565656,0.5656565656565656,0.5656565656565656,0.5656565656565656,0.050700000000000044,0.030000000000000075,0.03999999999999998,0.06090000000000015,0.06980000000000001,14,"[0.09999985 0.09998459 0.09999621 0.09984043 0.09997606 0.09983981
 0.0999257  0.0999833  0.09973928 0.09974445 0.09986716 0.09991251
 0.09988433 0.09990836 0.09970825 0.09995948 0.09951103 0.09936912
 0.09971755 0.09972837 0.0996423  0.09972837 0.09980686 0.09963769
 0.09959376 0.09946572 0.0993164  0.09923661 0.09938224 0.06338403
 0.09970522 0.0995119  0.09972274 0.09952759 0.09955219 0.04332158
 0.09950456 0.09991796 0.07146179 0.09976538 0.00994464 0.00565028
 0.09979135 0.09928976 0.09965433 0.06281045 0.09992821 0.09906589
 0.06595047 0.09895068 0.04435665 0.04385474 0.03136435 0.01810044
 0.09970158 0.09925986 0.08919489 0.04620794 0.06565608 0.04538128
 0.09880208 0.07336022 0.08521011 0.04639898 0.06921395 0.02265839
 0.04404144 0.09048598 0.07376421 0.0989992  0.0961466  0.00168119
 0.00265183 0.09677359 0.04333654 0.06282375 0.04196076 0.00103927
 0.07214076 0.00130511 0.05400331 0.03137637 0.0090669  0.09740731
 0.05322232 0.06214112 0.06974809 0.09790973 0.05768925 0.0026234
 0.01251681 0.02913577 0.09844161 0.0990637  0.03671777 0.05561481
 0.05447769 0.02178264 0.02330102 0.04762341]","[[-0.93233463  1.87       -0.502      -2.6688    ]
 [-2.20780005  8.91       -0.73       -0.8944    ]
 [-2.09509378  4.51       -0.742      -0.8832    ]
 [-2.72446357  2.75       -0.778      -1.0788    ]
 [-6.69032942  5.83       -0.502      -0.92556   ]]"
0.7251274182624293,0.6973112206158139,0.7633234038342575,0.5411072498459177,1.1663685195269882,5.684336911470788,7.651730554815959,9.581393933242321,4.086534330655545,2.2737614534327366,0.6363636363636364,0.6363636363636364,0.6363636363636364,0.6363636363636364,0.6363636363636364,0.050500000000000045,0.030000000000000075,0.03999999999999998,0.061200000000000136,0.07,15,"[0.09999782 0.09994988 0.09999721 0.09997472 0.0999657  0.09971588
 0.09989812 0.09999657 0.09996156 0.09989954 0.09976469 0.09994866
 0.09983918 0.09993845 0.09984799 0.09971764 0.09962796 0.09984048
 0.09924475 0.09987645 0.09945477 0.09979885 0.06996046 0.09966021
 0.09987754 0.09917659 0.09956593 0.09952972 0.01476783 0.09981134
 0.09923038 0.09982896 0.09949842 0.02055384 0.04699468 0.09937094
 0.04952155 0.09975589 0.03658591 0.09762724 0.09934938 0.00044484
 0.01440095 0.00022973 0.00033479 0.00684914 0.09972444 0.04318443
 0.00719888 0.09549408 0.05033175 0.03341996 0.0538011  0.00071886
 0.00060244 0.00239    0.08398098 0.00079578 0.0001368  0.00084378
 0.00043275 0.00021653 0.0003073  0.000297   0.03148176 0.00025659
 0.00078234 0.00025474 0.09932132 0.00017043 0.00039738 0.05541621
 0.04413476 0.00044226 0.0123701  0.00037092 0.00057814 0.00062066
 0.00027779 0.09960305 0.04564012 0.00062295 0.00034272 0.02966584
 0.00043493 0.00024501 0.00591283 0.05948146 0.00051384 0.00045018
 0.00049488 0.03302498 0.00026627 0.00037616 0.00079422 0.00040162
 0.0007449  0.00077321 0.00060863 0.00070622]","[[-22.  15.  -5.  -0.]
 [-22.  15.  -5.  -0.]
 [-22.  15.  -5.  -0.]
 [-22.  15.  -5.  -0.]
 [-22.  15.  -5.  -0.]]"
0.6446608807821158,0.6241762427253156,0.6723766092796652,0.503780384804865,0.9423138852611374,5.562237342930769,7.417804098376383,9.290724331722206,4.025997891345496,2.233152968598745,0.7272727272727273,0.7272727272727273,0.7272727272727273,0.7272727272727273,0.7272727272727273,0.051200000000000044,0.030000000000000075,0.03999999999999998,0.06120000000000012,0.06980000000000001,16,"[0.09996814 0.09999308 0.09976918 0.09998199 0.09999834 0.1
 0.09992072 0.09994802 0.09998259 0.09984611 0.09999997 0.09997218
 0.09988286 0.09995796 0.09991599 0.09982361 0.09991562 0.09996021
 0.07758801 0.0969738  0.09976483 0.08030506 0.06757609 0.09951611
 0.07676334 0.06242164 0.03919816 0.09969313 0.01908292 0.02561757
 0.04717414 0.01375113 0.00048431 0.03590421 0.012693   0.03155472
 0.04860489 0.07941236 0.02710035 0.07237396 0.02104611 0.00069634
 0.00040972 0.00049868 0.00037525 0.00026514 0.00050283 0.02480139
 0.00056853 0.01807844 0.00034251 0.0006477  0.00039734 0.04993371
 0.00031356 0.00033071 0.00044882 0.00024167 0.0141606  0.0718819
 0.0006192  0.00044949 0.00056117 0.00051064 0.00056252 0.00052361
 0.06769631 0.00053449 0.00032051 0.00031862 0.00052871 0.00049163
 0.00040365 0.00045514 0.01303817 0.01554428 0.00058884 0.00031234
 0.00048559 0.00049816 0.01795203 0.00059737 0.00051539 0.00050409
 0.00047119 0.00056938 0.00039417 0.00052104 0.0005195  0.02530623
 0.00040267 0.00048556 0.00587262 0.00048431 0.00050609 0.00180945
 0.0005148  0.05976097 0.00028526 0.00054195]","[[-0.30616167  4.51       -0.646      -1.3792    ]
 [-1.00344653  5.39       -0.934      -0.8368    ]
 [-3.24873643  8.25       -0.718      -3.0656    ]
 [-2.2643408   6.71       -0.646      -0.138     ]
 [-1.51604675 10.01       -0.586      -1.9412    ]]"
0.6508561001765728,0.6293987285655147,0.6799189671272464,0.5040973957283492,0.9614361081215136,5.64733581440255,7.569073473287958,9.359099718770478,4.057826577529357,2.2470431752986317,0.7777777777777778,0.7777777777777778,0.7777777777777778,0.7777777777777778,0.7777777777777778,0.050500000000000045,0.030000000000000075,0.03999999999999998,0.06090000000000013,0.07,17,"[0.09988422 0.1        0.09993936 0.09996698 0.09997698 0.09998238
 0.09990914 0.09990402 0.0999334  0.09983322 0.1        0.09995365
 0.09990124 0.09986644 0.09973605 0.09994058 0.09991042 0.00029725
 0.09997209 0.09993901 0.09979947 0.05863109 0.00781822 0.09985167
 0.09982815 0.09986949 0.09987009 0.00013159 0.04421275 0.0998273
 0.09976874 0.09995081 0.09976283 0.00018345 0.03042403 0.0240011
 0.09988548 0.00012419 0.06203991 0.00019587 0.01570516 0.01159479
 0.0999539  0.00010442 0.0001982  0.00019652 0.0001     0.00029885
 0.00029177 0.00016315 0.00010225 0.01924487 0.0003534  0.07255003
 0.00017866 0.00039668 0.00021174 0.00025275 0.00020652 0.00011649
 0.00034914 0.00011483 0.0001     0.00017552 0.00017066 0.00011349
 0.00017996 0.00020523 0.00011149 0.00023515 0.00022825 0.06031813
 0.00010283 0.00014707 0.00010638 0.0002414  0.00030402 0.00017165
 0.00011509 0.00014911 0.04719505 0.00029166 0.00013839 0.00024029
 0.00019082 0.0001965  0.0001     0.00024795 0.00017158 0.00012473
 0.00010356 0.01169693 0.00010284 0.00029957 0.00028905 0.00012305
 0.00021077 0.00013372 0.00018346 0.0001    ]","[[-0.44957425  3.96511628 -0.29511628 -0.95590698]
 [-0.82314334  6.77906977 -0.25744186 -0.98772093]
 [-4.62310774  1.15116279 -0.26581395 -2.52      ]
 [-0.97490454  1.40697674 -0.29930233 -0.9792093 ]
 [-2.3563663   6.26744186 -0.26581395 -1.38465116]]"
0.0008767458196019673,0.0008314713593567287,0.0009412750113383341,0.0006022503065510669,0.001798899500966341,0.09550661321239935,0.10993517367893108,0.10357294586979889,0.1314863949387626,0.0555852464376021,1.0,1.0,1.0,1.0,1.0,1.0000000000000007,1.0000000000000007,1.0000000000000007,1.0000000000000007,1.0000000000000007,18,"[0.0001     0.0001     0.00010771 0.00011279 0.00010326 0.0001
 0.0001     0.00011426 0.00010591 0.0001     0.0001     0.0001
 0.0001     0.0001     0.00010706 0.0001     0.0001     0.00010074
 0.00011528 0.0001     0.0001045  0.0001     0.00011954 0.00010686
 0.0001     0.0001     0.0001     0.0001     0.0001     0.0001
 0.0001     0.00010748 0.00010312 0.0001052  0.0001     0.00010092
 0.00010655 0.00011514 0.0001     0.00010623 0.00010402 0.0001
 0.00011284 0.0001     0.00010928 0.00011161 0.0001     0.00010696
 0.00010085 0.00010013 0.00010617 0.00011863 0.00010195 0.0001
 0.00010899 0.0001     0.00010704 0.00011075 0.00010649 0.00010417
 0.0001     0.0001     0.0001     0.0001     0.000111   0.00010869
 0.0001     0.0001     0.0001036  0.0001     0.00011046 0.00010144
 0.00010094 0.0001     0.00010441 0.0001     0.00010181 0.0001
 0.00010408 0.0001037  0.0001     0.00010549 0.00011101 0.0001
 0.00010354 0.00011883 0.0001     0.0001     0.0001     0.0001
 0.0001     0.0001     0.00010912 0.00010045 0.0001     0.0001
 0.0001051  0.0001     0.0001     0.0001008 ]","[[-0.7  4.  -0.5 -2.5]
 [-0.7  4.  -0.5 -2.2]
 [-0.7  4.  -0.5 -2.5]
 [-0.7  4.  -0.5 -2.3]
 [-0.7  4.  -0.5 -2.5]]"
0.33140253239636197,0.3211949275641976,0.34517285829516375,0.2607750674327428,0.4762936156199557,5.339521243905656,7.224261645561118,9.064082598469339,3.8241489346996067,2.024606710262409,0.8080808080808081,0.8080808080808081,0.8080808080808081,0.8080808080808081,0.8080808080808081,0.10930000000000006,0.05990000000000015,0.06640000000000004,0.1297999999999999,0.1502000000000001,19,"[0.05429889 0.05429889 0.05429889 0.05429889 0.05429889 0.05429889
 0.05429889 0.05429889 0.03332221 0.05429889 0.04608656 0.05429889
 0.05429889 0.03656287 0.05429889 0.05429889 0.05429889 0.05429889
 0.05429889 0.05429889 0.00813787 0.04689269 0.05429889 0.05429889
 0.0001     0.05429889 0.02572899 0.00019756 0.05429889 0.02576448
 0.0150349  0.00095513 0.00019756 0.02178304 0.01887486 0.00019756
 0.00019756 0.04166131 0.0491463  0.03106968 0.00019756 0.03115826
 0.00019756 0.0001     0.0001     0.00019756 0.00019756 0.0001
 0.0001     0.02842622 0.00019756 0.0001     0.00532349 0.00019756
 0.00019756 0.0001     0.00019756 0.0001     0.00019756 0.00019756
 0.01192574 0.00019756 0.00019756 0.0001     0.00019756 0.00019756
 0.00270626 0.00019756 0.0001742  0.0001     0.0001     0.00019756
 0.00019756 0.0001     0.00019756 0.00019756 0.00019756 0.00019756
 0.0001     0.00858707 0.00920295 0.00019756 0.00019756 0.00019756
 0.00019756 0.00010004 0.00019756 0.00019756 0.0001     0.0001
 0.00019756 0.00019756 0.02218535 0.0001     0.0001     0.00019756
 0.00019756 0.0001     0.00019756 0.01693969]","[[-0.8457528   0.09807086 -1.         -1.        ]
 [-0.80212866  0.11071563 -1.         -1.        ]
 [-0.90792862  0.1024552  -1.         -1.        ]
 [-0.58119772  0.13390195 -1.         -1.        ]
 [-1.73476089  0.05563644 -1.         -1.        ]]"
0.038186696575943785,0.0362876886353711,0.040880336791466354,0.02653807896409843,0.07571687300312178,0.12250883495612101,7.0793358965107736,0.18658109396706643,0.15169380365016047,0.07051650947308691,1.0,1.0,1.0,1.0,1.0,1.0000000000000007,0.5644,0.9997000000000007,1.0000000000000007,1.0000000000000007,20,"[0.00465322 0.00432264 0.00425361 0.00437951 0.0049067  0.00452337
 0.00499053 0.00493715 0.00487195 0.00499053 0.00438404 0.00483892
 0.00435003 0.00463968 0.00425361 0.00480892 0.00435175 0.00454822
 0.00476392 0.00450472 0.00499053 0.00444757 0.00425361 0.00428902
 0.00425361 0.0041386  0.00480892 0.00508688 0.00491934 0.00425361
 0.00430682 0.00500264 0.00453156 0.00448554 0.00435003 0.00448185
 0.00447693 0.00488476 0.00427346 0.00449309 0.00406504 0.00437426
 0.00449848 0.00461318 0.00425361 0.00342967 0.00493239 0.00480208
 0.00425361 0.00366725 0.00413053 0.00342763 0.00370958 0.00201773
 0.0043728  0.00425268 0.00435003 0.00411455 0.00431133 0.00452158
 0.00385503 0.00428809 0.00412468 0.0037048  0.00333953 0.00416621
 0.0044328  0.00359447 0.00360916 0.00340449 0.0035273  0.00427294
 0.00430669 0.00401344 0.00411291 0.00425361 0.00436747 0.00392398
 0.0035537  0.00383264 0.00340449 0.0040706  0.0041176  0.00368063
 0.00374401 0.0036638  0.00435003 0.00415913 0.00340448 0.00366372
 0.00397189 0.00388787 0.00351932 0.00069008 0.00432248 0.00367753
 0.00429047 0.00380492 0.00402389 0.00428588]","[[-0.215  3.    -0.7   -0.98 ]
 [-0.25   5.    -0.7   -0.96 ]
 [-0.25   3.    -0.7   -0.98 ]
 [-0.215  5.    -0.7   -0.97 ]
 [-0.75   2.    -0.7   -0.97 ]]"
0.8158967053328328,0.7765576590529966,0.8714473991181299,0.572244056486037,1.5683698621551563,5.748187293617422,7.822438851766982,9.88026409746624,4.105955930217898,2.282856024611373,0.7272727272727273,0.7272727272727273,0.7272727272727273,0.7272727272727273,0.7272727272727273,0.050800000000000047,0.030000000000000075,0.03999999999999998,0.06140000000000012,0.06980000000000001,21,"[0.09989343 0.09996077 0.1        0.09984909 0.09973504 0.1
 0.09996493 0.1        0.09995484 0.1        0.09999542 0.0999283
 0.0998277  0.09976845 0.1        0.09984828 0.09973012 0.09979064
 0.09995107 0.099887   0.09989621 0.09995723 0.09994148 0.09982555
 0.09996806 0.0998001  0.09985668 0.09984068 0.1        0.1
 0.09962093 0.09985194 0.09975624 0.09993401 0.09935423 0.09991318
 0.09957073 0.00086006 0.09960933 0.09954183 0.0009557  0.0998934
 0.09990049 0.09991175 0.09978913 0.0998525  0.09994162 0.09991373
 0.0999528  0.09992269 0.09948146 0.0998299  0.09967827 0.09984793
 0.09988586 0.09987488 0.09945337 0.00047251 0.09983099 0.09999662
 0.03520207 0.09982497 0.00130788 0.00107876 0.09982723 0.09992714
 0.09965765 0.09983311 0.09977279 0.09997454 0.09974799 0.00094195
 0.09986465 0.09983392 0.09991395 0.09984673 0.05770373 0.09980839
 0.00078299 0.00029212 0.05271725 0.09990267 0.05394367 0.06734244
 0.02961574 0.01527526 0.09990353 0.00082966 0.00080426 0.01479386
 0.0998566  0.09990066 0.04657409 0.05775854 0.01791386 0.099809
 0.01619836 0.09999994 0.09988737 0.09983036]","[[-0.93937494  2.94186047 -0.8255814  -2.86604651]
 [-0.39735425  2.94186047 -0.61627907 -1.56465116]
 [-3.76946096 10.10465116 -0.86744186 -1.5972093 ]
 [-0.47988521  1.15116279 -0.63023256 -1.47302326]
 [-8.17242046  1.89534884 -0.99302326 -1.24511628]]"
0.21274109447553685,0.20268210384835628,0.22690618701954524,0.1500122599990074,0.4021601777497547,5.339261914975696,7.270487572466554,9.20354626792509,3.6234810090767278,0.20217218617535013,0.9595959595959596,0.9595959595959596,0.9595959595959596,0.9595959595959596,0.9595959595959596,0.27840000000000004,0.10990000000000008,0.13149999999999987,0.48170000000000013,1.0000000000000007,22,"[0.02617647 0.02617649 0.02627346 0.02627348 0.02627346 0.02617647
 0.02627346 0.02617647 0.02627346 0.02627348 0.02627346 0.02617647
 0.02627348 0.02627346 0.02627346 0.02617649 0.02617647 0.02617649
 0.02627346 0.02617647 0.02627346 0.02617647 0.02627346 0.02617649
 0.02627346 0.02617647 0.02617649 0.02627346 0.02627346 0.02627346
 0.02617647 0.02627346 0.02627346 0.02617647 0.02627346 0.02617647
 0.02627346 0.00029445 0.02627346 0.02627346 0.02617647 0.02627346
 0.02627348 0.02627346 0.02627348 0.01515803 0.02617649 0.02586258
 0.0263715  0.0168227  0.02627346 0.02391539 0.02627346 0.01986953
 0.02627346 0.01056255 0.01071073 0.02532239 0.01473013 0.00891292
 0.00058648 0.01302621 0.00039146 0.01712564 0.02142398 0.02617647
 0.01749278 0.00901246 0.0181153  0.02617649 0.01969111 0.00445504
 0.00029455 0.02627346 0.02400457 0.00628017 0.02067109 0.01326162
 0.01269593 0.01291022 0.00268927 0.02627348 0.00776908 0.01505596
 0.02627346 0.02627346 0.01683391 0.01864085 0.02627346 0.02617647
 0.01485712 0.00019739 0.01673888 0.01464767 0.01223461 0.02617649
 0.02046804 0.01856735 0.01114741 0.00811877]","[[-1.35521222  7.11111111 -0.25       -3.42111111]
 [-3.79921865  7.11111111 -0.55       -0.97      ]
 [-1.40906753  3.77777778 -0.25       -4.77444444]
 [-1.85560413  3.77777778 -0.55       -1.11666667]
 [-7.26233703  7.11111111 -0.45       -0.99888889]]"
0.7389457383598206,0.7093866107398868,0.77978822398338,0.5460551693478477,1.2298073474886195,5.713763332642044,7.704858473800397,9.560182024846462,4.092485956731567,2.2784536200734595,0.5050505050505051,0.5050505050505051,0.5050505050505051,0.5050505050505051,0.5050505050505051,0.050700000000000044,0.030000000000000075,0.03999999999999998,0.06110000000000012,0.07,23,"[0.09997889 0.1        0.1        0.09996606 0.09990244 0.1
 0.09997262 0.09990244 0.1        0.09990244 0.1        0.09990244
 0.1        0.09990244 0.09990244 0.09997331 0.09990244 0.09990244
 0.09990244 0.09990564 0.1        0.08373996 0.1        0.09991254
 0.09990244 0.09990244 0.09990244 0.1        0.0520055  0.09990244
 0.05769468 0.1        0.09990244 0.09990244 0.09990244 0.1
 0.03926381 0.0001     0.00756653 0.00902119 0.0001     0.08514907
 0.1        0.0001     0.09992439 0.06423693 0.05271059 0.00019756
 0.04102889 0.0001     0.07339496 0.00019756 0.09990244 0.00067891
 0.04502124 0.0666332  0.03171559 0.0001     0.09990244 0.01680897
 0.03240257 0.08247993 0.06693677 0.03085139 0.0001     0.05105907
 0.01450911 0.0001     0.0493271  0.0001     0.0001     0.0001
 0.03630209 0.05540131 0.00348069 0.0001     0.04441904 0.0001
 0.00016919 0.0163214  0.0001     0.08824346 0.0001     0.0001
 0.02904525 0.0001     0.03876898 0.0147071  0.0001     0.02771073
 0.0001     0.09990244 0.0001     0.0001     0.06809651 0.0001
 0.0001     0.0328132  0.0001     0.02571956]","[[-3.56563667  4.88888889 -0.35       -4.32333333]
 [-2.10782164  3.77777778 -0.45       -0.96333333]
 [-4.29882959  9.33333333 -0.15       -2.51888889]
 [-2.45582382  8.22222222 -0.35       -0.99888889]
 [-8.20331531  8.22222222 -0.55       -1.11666667]]"
0.7664203100655215,0.7332853550021571,0.8126801366485817,0.555209080235972,1.3583506992814833,5.690179647763033,7.698783493826441,9.662510908956577,4.088975525500226,2.279026113674148,0.494949494949495,0.494949494949495,0.494949494949495,0.494949494949495,0.494949494949495,0.051000000000000045,0.030000000000000075,0.03999999999999998,0.06070000000000015,0.07,24,"[0.09990247 0.09982756 0.09987867 0.09990247 0.09980501 0.09990247
 0.09982965 0.09990247 0.09988181 0.09990247 0.09990254 0.0998758
 0.09980501 0.09982624 0.0998552  0.09990247 0.0998839  0.09988286
 0.09990247 0.09988285 0.09990247 0.09985312 0.09990247 0.09990247
 0.09990247 0.09985949 0.09990207 0.03282646 0.09990247 0.09988285
 0.0998533  0.09985311 0.07288348 0.09988181 0.04634251 0.09982755
 0.09990247 0.08642365 0.04025239 0.07377155 0.09473591 0.07752101
 0.09990254 0.0425928  0.00039236 0.09988495 0.00033165 0.03754172
 0.04145095 0.09990254 0.07261296 0.00039236 0.00039236 0.0975787
 0.00039236 0.04527192 0.05957949 0.00458694 0.00019746 0.06027367
 0.06131392 0.09984998 0.00569181 0.03735826 0.01235662 0.05742343
 0.09990247 0.0090425  0.08542189 0.0240676  0.08900518 0.07765703
 0.00039236 0.09987449 0.09990247 0.09985521 0.06066511 0.0226107
 0.03200436 0.03397934 0.05312993 0.01903164 0.05988562 0.05940645
 0.00988206 0.073868   0.00938998 0.06076155 0.01935573 0.00039236
 0.00039236 0.06478036 0.08072982 0.00039236 0.09731655 0.0001016
 0.00038694 0.00061736 0.08033295 0.03944419]","[[-0.91312733  8.22222222 -0.45       -3.87222222]
 [-1.68497238 10.44444444 -0.85       -0.95666667]
 [-0.44581351  6.         -0.85       -1.61666667]
 [-2.75593366  1.55555556 -0.95       -1.35222222]
 [-5.38038049  1.55555556 -0.95       -1.70555556]]"
0.826541805952483,0.7859533071513151,0.883982998123649,0.5763596690422395,1.6160780189385906,5.74678185024971,7.813242676760266,9.866864265031136,4.106318128118339,2.2834412745348076,0.696969696969697,0.696969696969697,0.696969696969697,0.696969696969697,0.696969696969697,0.050700000000000044,0.030000000000000075,0.03999999999999998,0.060900000000000135,0.07,25,"[0.09990244 0.1        0.1        0.1        0.1        0.1
 0.1        0.1        0.1        0.1        0.1        0.1
 0.1        0.1        0.1        0.1        0.1        0.1
 0.1        0.1        0.1        0.1        0.1        0.1
 0.1        0.1        0.1        0.1        0.1        0.1
 0.1        0.1        0.1        0.1        0.1        0.1
 0.1        0.1        0.1        0.09086305 0.1        0.0627524
 0.08205021 0.09416362 0.1        0.1        0.1        0.1
 0.1        0.1        0.1        0.01638755 0.1        0.1
 0.0939595  0.1        0.1        0.04542543 0.09933267 0.1
 0.1        0.1        0.1        0.1        0.07488883 0.00019756
 0.09325876 0.1        0.0353204  0.00019756 0.04841421 0.1
 0.04559755 0.00019756 0.1        0.09990244 0.0595859  0.1
 0.00019756 0.1        0.09474209 0.1        0.08655198 0.1
 0.0144586  0.1        0.1        0.09414308 0.1        0.04640684
 0.1        0.07770651 0.1        0.00949758 0.05572259 0.1
 0.1        0.08040947 0.05789868 0.09346604]","[[-2.239382    9.33333333 -0.85       -2.06777778]
 [-0.83927388  2.66666667 -0.75       -0.99666667]
 [-2.85394856 10.44444444 -0.65       -2.97      ]
 [-1.55549429  2.66666667 -0.45       -1.94111111]
 [-3.49842395 10.44444444 -0.85       -1.58777778]]"
0.1866750647707901,0.18081252118967345,0.19470593711036374,0.14749377855223586,0.2792871069398819,1.503888449747856,7.175139083611061,9.073154273424457,0.30708780342480785,0.1899498270768796,0.9191919191919192,0.9191919191919192,0.9191919191919192,0.9191919191919192,0.9191919191919192,0.8365000000000007,0.08949999999999989,0.10910000000000014,1.0000000000000007,1.0000000000000007,26,"[0.04201086 0.04237492 0.04043805 0.02082259 0.01766045 0.04163358
 0.03564294 0.02421585 0.0401338  0.01775511 0.0162672  0.0108421
 0.03905552 0.0150075  0.01846185 0.0180558  0.03370619 0.01715574
 0.01654527 0.0167501  0.04086079 0.04129714 0.01839073 0.01779343
 0.00980311 0.00943499 0.00461977 0.00901117 0.01044778 0.00747739
 0.0082313  0.01402782 0.00911807 0.00089916 0.00811658 0.0163826
 0.01394453 0.00417363 0.0082993  0.00767962 0.03841017 0.01174189
 0.01442845 0.01239333 0.00831708 0.00178222 0.00708234 0.00029465
 0.00920871 0.01081161 0.00420307 0.00325431 0.00070766 0.01016019
 0.01333747 0.00029465 0.00142599 0.00086652 0.00897693 0.02333731
 0.00464174 0.00500373 0.00595552 0.00029465 0.00164362 0.0085637
 0.00029465 0.00842232 0.00700421 0.00490967 0.00614978 0.00339027
 0.00029465 0.00015642 0.00435476 0.00403178 0.00607495 0.00029465
 0.00666821 0.00242093 0.00128083 0.00025258 0.00067203 0.00029465
 0.00512929 0.00116105 0.00029465 0.00213719 0.00133653 0.0001
 0.0004589  0.00029465 0.00625946 0.00776507 0.00241295 0.00577986
 0.0066463  0.00029465 0.00014035 0.00494796]","[[-3.12355178 10.44444444 -0.75       -4.77444444]
 [-2.53067089  1.55555556 -0.15       -0.99      ]
 [-3.81720258  7.11111111 -0.35       -1.16555556]
 [-0.35505492  9.33333333 -0.65       -1.23444444]
 [-1.61646741  3.77777778 -0.65       -1.94111111]]"
0.6632776334348065,0.6412067084335479,0.6932211953801798,0.5127477225766235,0.9872463094908726,5.606714124065192,7.508784318456475,9.324534745608313,4.066855817061637,2.2630425019868765,0.7272727272727273,0.7272727272727273,0.7272727272727273,0.7272727272727273,0.7272727272727273,0.05080000000000004,0.030000000000000075,0.03999999999999998,0.060500000000000144,0.07,27,"[0.09999869 0.09992429 0.09994537 0.09991648 0.1        0.09999764
 0.09999857 0.09998206 0.09992922 0.09992679 0.09996508 0.09994002
 0.0999947  0.09996235 0.09995083 0.0998999  0.09982133 0.09996617
 0.09991077 0.09969151 0.01885408 0.09981785 0.0998616  0.0998308
 0.09990799 0.09995593 0.00029489 0.06141136 0.0998571  0.09807865
 0.07136278 0.05715387 0.00027281 0.03927983 0.03356261 0.00038753
 0.00023588 0.06413248 0.00030701 0.00017123 0.00037719 0.07069838
 0.00027171 0.00034135 0.00011511 0.03500111 0.00011529 0.00040198
 0.06266239 0.0326664  0.00011221 0.04316319 0.05044658 0.09148689
 0.00026986 0.00012672 0.07765065 0.00011476 0.00016603 0.0003222
 0.00011057 0.00023096 0.00023096 0.00027001 0.00864541 0.00035186
 0.00020432 0.01044205 0.0001028  0.00011218 0.0003017  0.02126543
 0.00041148 0.00015322 0.01234486 0.00211647 0.00023096 0.0164049
 0.00012082 0.00030985 0.0001     0.00016918 0.00034172 0.02177599
 0.00024482 0.00036654 0.00025884 0.0129634  0.00025659 0.00034487
 0.00029282 0.00017795 0.00026304 0.00010042 0.000321   0.0003138
 0.00014349 0.00027314 0.0001     0.0002939 ]","[[-4.00772155  6.         -0.15       -2.97      ]
 [-3.3763694   9.33333333 -0.35       -0.98333333]
 [-0.92744052  4.88888889 -0.55       -3.42111111]
 [-0.95527461  6.         -0.25       -1.47      ]
 [-2.55744568  9.33333333 -0.35       -1.47      ]]"
0.09205583028467634,0.08753398615132399,0.0984885087578,0.06450533718710123,0.18308420930052893,0.17074993097215174,7.196171601659696,9.110036378958693,0.18735519164082567,0.09662603717718556,1.0,1.0,1.0,1.0,1.0,1.0000000000000007,0.24140000000000023,0.3293000000000001,1.0000000000000007,1.0000000000000007,28,"[0.01243398 0.01243398 0.01223862 0.01243398 0.01243398 0.01231412
 0.01152117 0.01000274 0.01136283 0.00922004 0.01102549 0.0091916
 0.0092168  0.0089287  0.00933984 0.01234033 0.01097651 0.01243398
 0.01252989 0.01054992 0.00936555 0.0092249  0.01170913 0.00956036
 0.01036543 0.0099692  0.01252987 0.00912308 0.01153286 0.01011665
 0.00897011 0.00921668 0.01093984 0.00921681 0.01243398 0.01250081
 0.00979295 0.00931754 0.00915929 0.00975792 0.00892868 0.00912995
 0.00909759 0.00917294 0.01122328 0.00913675 0.00918053 0.01036543
 0.01220094 0.01252984 0.01126256 0.00935246 0.01212851 0.01243398
 0.01164854 0.00925903 0.01234033 0.01120334 0.01052612 0.00996622
 0.00892861 0.00917282 0.01243398 0.00945546 0.00909466 0.00892864
 0.01036648 0.00919693 0.00962294 0.0109974  0.0117772  0.00926261
 0.00917274 0.00917279 0.00916686 0.01106527 0.00928553 0.00925672
 0.01243398 0.00892861 0.00918242 0.00908167 0.00921665 0.00922171
 0.00892861 0.00912494 0.00993937 0.00921708 0.01243398 0.00953092
 0.00960264 0.01050311 0.01119217 0.00892865 0.00763599 0.00923061
 0.0100761  0.00894449 0.0091727  0.00917284]","[[-1.79729711  3.77777778 -0.95       -2.51888889]
 [-1.26212313  6.         -0.95       -0.97666667]
 [-1.89069454  1.55555556 -0.75       -3.87222222]
 [-0.65516476  7.11111111 -0.15       -1.58777778]
 [-6.32135876  4.88888889 -0.25       -1.82333333]]"
0.695903999433317,0.6709271812799054,0.7301343934859108,0.5290450202959159,1.095021935498882,5.68218703523087,7.599671065081224,9.374763561882734,4.093888703194431,2.2785253700039405,0.6363636363636364,0.6363636363636364,0.6363636363636364,0.6363636363636364,0.6363636363636364,0.05080000000000004,0.030000000000000075,0.03999999999999998,0.06060000000000014,0.06980000000000001,29,"[0.1        0.09997687 0.09999809 0.09994254 0.09997664 0.09994442
 0.1        0.09995372 0.09973317 0.09987355 0.0999169  0.09979758
 0.09985848 0.09997018 0.09996835 0.09974495 0.09995253 0.09979928
 0.0999232  0.09960948 0.09998996 0.09987199 0.09977532 0.08889939
 0.09987362 0.09775447 0.09982225 0.09992061 0.09961561 0.07061911
 0.09973977 0.00980291 0.07262232 0.03642898 0.03405301 0.00022602
 0.02421237 0.00029718 0.00031609 0.00058451 0.03815087 0.01327467
 0.06170419 0.00044903 0.01976043 0.00984581 0.00022578 0.00051359
 0.00683541 0.00053205 0.05315829 0.09963748 0.04491652 0.00010398
 0.00058483 0.00048313 0.043621   0.02569278 0.00061979 0.0517488
 0.03988548 0.0395936  0.0001019  0.00046915 0.00021426 0.00819168
 0.00040452 0.04941046 0.00024174 0.00030536 0.01224496 0.02360048
 0.00037064 0.01312976 0.00042656 0.01570111 0.06282076 0.09952133
 0.00031889 0.06728867 0.00041528 0.01786956 0.03844123 0.00030625
 0.00068213 0.00055291 0.05269956 0.04503268 0.03701328 0.09964507
 0.06253945 0.00035304 0.00020986 0.00045735 0.05214961 0.00051218
 0.00011819 0.00559195 0.00029371 0.00017114]","[[-0.47104244  1.55555556 -0.65       -1.16555556]
 [-2.95352014  4.88888889 -0.65       -0.94333333]
 [-2.37232155  2.66666667 -0.95       -2.06777778]
 [-2.15571398 10.44444444 -0.85       -1.82333333]
 [-4.43940222  6.         -0.75       -1.35222222]]"
